Workbook

Sheet 交易记录
A1: BTC合约交易记录
A2: 只需填写基础数据，盈亏、胜率等自动计算。类型支持下拉选择。
A3: 开单日期 | B3: 产品 | C3: 方向 | D3: 类型 | E3: 开仓价 | F3: 平仓价 | G3: 仓位(U) | H3: 止盈价 | I3: 止损价 | J3: 盈亏(U) | K3: 结果 | L3: 备注 | M3: 累计盈亏(U)
A4: 2026-06-19 | B4: BTCUSDT | C4: 做空 | D4: 短线 | E4: 63200 | F4: 63000 | G4: 2500 | J4: =IF(C4="做多",(F4-E4)/E4*G4,(E4-F4)/E4*G4) -> 7.9113924 | K4: =IF(J4>0,"Win","Loss") -> Win | L4: 空单扛单到65500因恐惧开对冲最终空小赚对冲大亏两笔错误叠加 | M4: =J4 -> 7.9113924
A5: 2026-06-20 | B5: BTCUSDT | C5: 做多 | D5: 对冲 | E5: 64600 | F5: 62100 | G5: 2500 | J5: =IF(C5="做多",(F5-E5)/E5*G5,(E5-F5)/E5*G5) -> -96.749226 | K5: =IF(J5>0,"Win","Loss") -> Loss | L5: 恐惧上涨开的对冲多单行情反转大亏教训扛单应直接止损 | M5: =M4+J5 -> -88.837834
A6: 2026-06-15 | B6: BTCUSDT | C6: 做空 | D6: 波段 | E6: 62800 | F6: 66000 | G6: 800 | J6: =IF(C6="做多",(F6-E6)/E6*G6,(E6-F6)/E6*G6) -> -40.764331 | K6: =IF(J6>0,"Win","Loss") -> Loss | L6: 扛单不止损到66000被迫止损离场 | M6: =M5+J6 -> -129.60216
A7: 2026-06-22 | B7: ETHUSDT | C7: 做空 | D7: 趋势 | E7: 1763 | F7: 1753 | G7: 3000 | H7: 1720 | J7: =IF(C7="做多",(F7-E7)/E7*G7,(E7-F7)/E7*G7) -> 17.016449 | K7: =IF(J7>0,"Win","Loss") -> Win | L7: ETH空单方向正确计划1720止盈却1753提前跑路卖飞 | M7: =M6+J7 -> -112.58572
A8: 46197 | B8: BTCUSDT | C8: 做多 | D8: 短线 | E8: 61208.4 | G8: 2386.8 | H8: 62000 | I8: 60800 | J8: =IF(C8="做多",(F8-E8)/E8*G8,(E8-F8)/E8*G8) -> -2386.8 | K8: =IF(J8>0,"Win","Loss") -> Loss | L8: 超跌反弹 底部出现见底 有承接 | M8: =M7+J8 -> -2499.3857
J9: =IF(C9="做多",(F9-E9)/E9*G9,(E9-F9)/E9*G9) -> #DIV/0! | K9: =IF(J9>0,"Win","Loss") -> #DIV/0! | M9: =M8+J9 -> #DIV/0!
J10: =IF(C10="做多",(F10-E10)/E10*G10,(E10-F10)/E10*G10) -> #DIV/0! | K10: =IF(J10>0,"Win","Loss") -> #DIV/0! | M10: =M9+J10 -> #DIV/0!
J11: =IF(C11="做多",(F11-E11)/E11*G11,(E11-F11)/E11*G11) -> #DIV/0! | K11: =IF(J11>0,"Win","Loss") -> #DIV/0! | M11: =M10+J11 -> #DIV/0!
J12: =IF(C12="做多",(F12-E12)/E12*G12,(E12-F12)/E12*G12) -> #DIV/0! | K12: =IF(J12>0,"Win","Loss") -> #DIV/0! | M12: =M11+J12 -> #DIV/0!
J13: =IF(C13="做多",(F13-E13)/E13*G13,(E13-F13)/E13*G13) -> #DIV/0! | K13: =IF(J13>0,"Win","Loss") -> #DIV/0! | M13: =M12+J13 -> #DIV/0!
J14: =IF(C14="做多",(F14-E14)/E14*G14,(E14-F14)/E14*G14) -> #DIV/0! | K14: =IF(J14>0,"Win","Loss") -> #DIV/0! | M14: =M13+J14 -> #DIV/0!
J15: =IF(C15="做多",(F15-E15)/E15*G15,(E15-F15)/E15*G15) -> #DIV/0! | K15: =IF(J15>0,"Win","Loss") -> #DIV/0! | M15: =M14+J15 -> #DIV/0!
J16: =IF(C16="做多",(F16-E16)/E16*G16,(E16-F16)/E16*G16) -> #DIV/0! | K16: =IF(J16>0,"Win","Loss") -> #DIV/0! | M16: =M15+J16 -> #DIV/0!
J17: =IF(C17="做多",(F17-E17)/E17*G17,(E17-F17)/E17*G17) -> #DIV/0! | K17: =IF(J17>0,"Win","Loss") -> #DIV/0! | M17: =M16+J17 -> #DIV/0!
J18: =IF(C18="做多",(F18-E18)/E18*G18,(E18-F18)/E18*G18) -> #DIV/0! | K18: =IF(J18>0,"Win","Loss") -> #DIV/0! | M18: =M17+J18 -> #DIV/0!
J19: =IF(C19="做多",(F19-E19)/E19*G19,(E19-F19)/E19*G19) -> #DIV/0! | K19: =IF(J19>0,"Win","Loss") -> #DIV/0! | M19: =M18+J19 -> #DIV/0!
J20: =IF(C20="做多",(F20-E20)/E20*G20,(E20-F20)/E20*G20) -> #DIV/0! | K20: =IF(J20>0,"Win","Loss") -> #DIV/0! | M20: =M19+J20 -> #DIV/0!
... J203: =IF(C203="做多",(F203-E203)/E203*G203,(E203-F203)/E203*G203) -> #DIV/0! | K203: =IF(J203>0,"Win","Loss") -> #DIV/0! | M203: =M202+J203 -> #DIV/0!

Sheet 统计看板
A1: 交易统计看板
A3: 指标 | B3: 数值
A4: 总交易数 | B4: =COUNTA(交易记录!C4:C203) -> 5
A5: 总盈利 | B5: =SUMIF(交易记录!K4:K203,"Win",交易记录!J4:J203) -> 24.927842
A6: 总亏损 | B6: =SUMIF(交易记录!K4:K203,"Loss",交易记录!J4:J203) -> -2524.3136
A7: 净盈亏(U) | B7: =SUM(交易记录!J4:J203) -> #DIV/0!
A8: 胜率 | B8: =IF(B3>0,COUNTIF(交易记录!K4:K203,"Win")/B3,0) -> #VALUE!
A9: 盈亏比 | B9: =IF(C5<0,ABS(B4/B5),0) -> 0
A10: 最大盈利 | B10: =MAX(交易记录!J4:J203) -> #DIV/0!
A11: 最大亏损 | B11: =MIN(交易记录!J4:J203) -> #DIV/0!
A14: 按类型统计
A15: 类型 | B15: 交易次数 | C15: 胜率 | D15: 净盈亏(U)
A16: 短线 | B16: =COUNTIF(交易记录!D4:D203,"短线") -> 2 | C16: =IF(B16>0,COUNTIFS(交易记录!D4:D203,"短线",交易记录!K4:K203,"Win")/B16,0) -> 0.5 | D16: =SUMIF(交易记录!D4:D203,"短线",交易记录!J4:J203) -> -2378.8886
A17: 波段 | B17: =COUNTIF(交易记录!D4:D203,"波段") -> 1 | C17: =IF(B17>0,COUNTIFS(交易记录!D4:D203,"波段",交易记录!K4:K203,"Win")/B17,0) -> 0 | D17: =SUMIF(交易记录!D4:D203,"波段",交易记录!J4:J203) -> -40.764331
A18: 趋势 | B18: =COUNTIF(交易记录!D4:D203,"趋势") -> 1 | C18: =IF(B18>0,COUNTIFS(交易记录!D4:D203,"趋势",交易记录!K4:K203,"Win")/B18,0) -> 1 | D18: =SUMIF(交易记录!D4:D203,"趋势",交易记录!J4:J203) -> 17.016449
A19: 对冲 | B19: =COUNTIF(交易记录!D4:D203,"对冲") -> 1 | C19: =IF(B19>0,COUNTIFS(交易记录!D4:D203,"对冲",交易记录!K4:K203,"Win")/B19,0) -> 0 | D19: =SUMIF(交易记录!D4:D203,"对冲",交易记录!J4:J203) -> -96.749226
A20: 网格 | B20: =COUNTIF(交易记录!D4:D203,"网格") -> 0 | C20: =IF(B20>0,COUNTIFS(交易记录!D4:D203,"网格",交易记录!K4:K203,"Win")/B20,0) -> 0 | D20: =SUMIF(交易记录!D4:D203,"网格",交易记录!J4:J203) -> 0
A21: 其他 | B21: =COUNTIF(交易记录!D4:D203,"其他") -> 0 | C21: =IF(B21>0,COUNTIFS(交易记录!D4:D203,"其他",交易记录!K4:K203,"Win")/B21,0) -> 0 | D21: =SUMIF(交易记录!D4:D203,"其他",交易记录!J4:J203) -> 0
A22: 方向盈亏
A23: 方向 | B23: 净盈亏(U)
A24: 做多 | B24: =SUMIF(交易记录!C4:C203,"做多",交易记录!J4:J203) -> -2483.5492
A25: 做空 | B25: =SUMIF(交易记录!C4:C203,"做空",交易记录!J4:J203) -> -15.83649
A26: 类型盈亏
A27: 类型 | B27: 交易次数 | C27: 净盈亏(U)
A28: 短线 | B28: =COUNTIF(交易记录!D4:D203,"短线") -> 2 | C28: =SUMIF(交易记录!D4:D203,"短线",交易记录!J4:J203) -> -2378.8886
A29: 波段 | B29: =COUNTIF(交易记录!D4:D203,"波段") -> 1 | C29: =SUMIF(交易记录!D4:D203,"波段",交易记录!J4:J203) -> -40.764331
A30: 趋势 | B30: =COUNTIF(交易记录!D4:D203,"趋势") -> 1 | C30: =SUMIF(交易记录!D4:D203,"趋势",交易记录!J4:J203) -> 17.016449
A31: 对冲 | B31: =COUNTIF(交易记录!D4:D203,"对冲") -> 1 | C31: =SUMIF(交易记录!D4:D203,"对冲",交易记录!J4:J203) -> -96.749226
A32: 网格 | B32: =COUNTIF(交易记录!D4:D203,"网格") -> 0 | C32: =SUMIF(交易记录!D4:D203,"网格",交易记录!J4:J203) -> 0
A33: 其他 | B33: =COUNTIF(交易记录!D4:D203,"其他") -> 0 | C33: =SUMIF(交易记录!D4:D203,"其他",交易记录!J4:J203) -> 0
A34: 盈亏分布
A35: 结果 | B35: 数量
A36: 盈利 | B36: =COUNTIF(交易记录!K4:K203,"Win") -> 2
A37: 亏损 | B37: =COUNTIF(交易记录!K4:K203,"Loss") -> 3
